{
  "sample_id": "84",
  "system_name": "gemini-cli",
  "domain": "Legal",
  "judge_model": "openai/gpt-4o-mini-2024-07-18",
  "metrics": {
    "exact_match": 0.0,
    "soft_recall": 0.6666666666666666,
    "soft_f1": 0.035398230088495575,
    "latency_s": 47.49641704559326,
    "verbosity": 53.625,
    "refusal_rate": 0.0,
    "error_rate": 0.0,
    "answer_length": 130.0,
    "citation_presence": 0.0,
    "confidence_score": 0.0,
    "answer_completeness": 1.0,
    "reasoning_depth": 0.1,
    "response_consistency": 0.35714285714285715,
    "rouge_score_f1": 0.029850746268656712,
    "rouge_score_recall": 0.6666666666666666,
    "bert_score_f1": 0.6319075226783752
  },
  "judge_outputs": {},
  "human_label": null
}