{
  "sample_id": "5",
  "system_name": "gemini-cli",
  "domain": "Academia",
  "judge_model": "openai/gpt-4o-mini-2024-07-18",
  "metrics": {
    "exact_match": 0.0,
    "soft_recall": 0.9090909090909091,
    "soft_f1": 0.21052631578947367,
    "latency_s": 38.87589120864868,
    "verbosity": 7.7560975609756095,
    "refusal_rate": 0.0,
    "error_rate": 0.0,
    "answer_length": 93.0,
    "citation_presence": 0.0,
    "confidence_score": 1.0,
    "answer_completeness": 1.0,
    "reasoning_depth": 0.1,
    "response_consistency": 0.21428571428571427,
    "rouge_score_f1": 0.1509433962264151,
    "rouge_score_recall": 0.6666666666666666,
    "bert_score_f1": 0.8014330863952637
  },
  "judge_outputs": {},
  "human_label": null
}