{
  "sample_id": "65",
  "system_name": "gemini-cli",
  "domain": "Company_Documents",
  "judge_model": "openai/gpt-4o-mini-2024-07-18",
  "metrics": {
    "exact_match": 0.0,
    "soft_recall": 0.8421052631578947,
    "soft_f1": 0.34042553191489366,
    "latency_s": 30.055415153503418,
    "verbosity": 5.178217821782178,
    "refusal_rate": 0.0,
    "error_rate": 0.0,
    "answer_length": 87.0,
    "citation_presence": 0.0,
    "confidence_score": 0.5,
    "answer_completeness": 1.0,
    "reasoning_depth": 0.1,
    "response_consistency": 0.5,
    "rouge_score_f1": 0.3008849557522124,
    "rouge_score_recall": 0.7727272727272727,
    "bert_score_f1": 0.8073432445526123
  },
  "judge_outputs": {},
  "human_label": null
}