{
  "sample_id": "38",
  "system_name": "gemini-cli",
  "domain": "Company_Documents",
  "judge_model": "openai/gpt-4o-mini-2024-07-18",
  "metrics": {
    "exact_match": 0.0,
    "soft_recall": 0.1111111111111111,
    "soft_f1": 0.02127659574468085,
    "latency_s": 35.31448292732239,
    "verbosity": 17.394736842105264,
    "refusal_rate": 0.0,
    "error_rate": 0.0,
    "answer_length": 97.0,
    "citation_presence": 0.0,
    "confidence_score": 0.5,
    "answer_completeness": 1.0,
    "reasoning_depth": 0.4,
    "response_consistency": 0.05555555555555555,
    "rouge_score_f1": 0.01769911504424779,
    "rouge_score_recall": 0.1111111111111111,
    "bert_score_f1": 0.6260489225387573
  },
  "judge_outputs": {},
  "human_label": null
}