{
  "sample_id": "5",
  "system_name": "gemini-cli",
  "domain": "Academia",
  "judge_model": "openai/gpt-4o-mini-2024-07-18",
  "metrics": {
    "exact_match": 0.0,
    "soft_recall": 0.9090909090909091,
    "soft_f1": 0.22988505747126434,
    "latency_s": 29.40230631828308,
    "verbosity": 6.878048780487805,
    "refusal_rate": 0.0,
    "error_rate": 0.0,
    "answer_length": 80.0,
    "citation_presence": 0.0,
    "confidence_score": 0.5,
    "answer_completeness": 1.0,
    "reasoning_depth": 0.2,
    "response_consistency": 0.08333333333333333,
    "rouge_score_f1": 0.1739130434782609,
    "rouge_score_recall": 0.6666666666666666,
    "bert_score_f1": 0.7909568548202515
  },
  "judge_outputs": {},
  "human_label": null
}