{
  "sample_id": "11",
  "system_name": "gemini-cli",
  "domain": "Company_Documents",
  "judge_model": "openai/gpt-4o-mini-2024-07-18",
  "metrics": {
    "exact_match": 0.0,
    "soft_recall": 0.7083333333333334,
    "soft_f1": 0.5151515151515152,
    "latency_s": 19.924963235855103,
    "verbosity": 2.310126582278481,
    "refusal_rate": 0.0,
    "error_rate": 0.0,
    "answer_length": 49.0,
    "citation_presence": 0.0,
    "confidence_score": 0.5,
    "answer_completeness": 1.0,
    "reasoning_depth": 0.0,
    "response_consistency": 0.1111111111111111,
    "rouge_score_f1": 0.41860465116279066,
    "rouge_score_recall": 0.5806451612903226,
    "bert_score_f1": 0.7903182506561279
  },
  "judge_outputs": {},
  "human_label": null
}