{
  "sample_id": "43",
  "system_name": "gemini-cli",
  "domain": "Company_Documents",
  "judge_model": "openai/gpt-4o-mini-2024-07-18",
  "metrics": {
    "exact_match": 0.0,
    "soft_recall": 0.8235294117647058,
    "soft_f1": 0.23140495867768596,
    "latency_s": 31.850110054016113,
    "verbosity": 4.707142857142857,
    "refusal_rate": 0.0,
    "error_rate": 0.0,
    "answer_length": 107.0,
    "citation_presence": 0.0,
    "confidence_score": 0.5,
    "answer_completeness": 1.0,
    "reasoning_depth": 1.0,
    "response_consistency": 0.16666666666666666,
    "rouge_score_f1": 0.31496062992125984,
    "rouge_score_recall": 1.0,
    "bert_score_f1": 0.7145559191703796
  },
  "judge_outputs": {},
  "human_label": null
}