{
  "sample_id": "65",
  "system_name": "gemini-cli",
  "domain": "Company_Documents",
  "judge_model": "openai/gpt-4o-mini-2024-07-18",
  "metrics": {
    "exact_match": 0.0,
    "soft_recall": 0.8421052631578947,
    "soft_f1": 0.32989690721649484,
    "latency_s": 30.25172996520996,
    "verbosity": 4.891089108910891,
    "refusal_rate": 0.0,
    "error_rate": 0.0,
    "answer_length": 86.0,
    "citation_presence": 0.0,
    "confidence_score": 0.5,
    "answer_completeness": 1.0,
    "reasoning_depth": 0.0,
    "response_consistency": 0.07142857142857142,
    "rouge_score_f1": 0.32432432432432434,
    "rouge_score_recall": 0.8181818181818182,
    "bert_score_f1": 0.8336997628211975
  },
  "judge_outputs": {},
  "human_label": null
}