{
  "sample_id": "31",
  "system_name": "gemini-cli",
  "domain": "Company_Documents",
  "judge_model": "openai/gpt-4o-mini-2024-07-18",
  "metrics": {
    "exact_match": 0.0,
    "soft_recall": 0.8,
    "soft_f1": 0.09467455621301776,
    "latency_s": 30.786509037017822,
    "verbosity": 17.803030303030305,
    "refusal_rate": 0.0,
    "error_rate": 0.0,
    "answer_length": 182.0,
    "citation_presence": 0.0,
    "confidence_score": 0.5,
    "answer_completeness": 1.0,
    "reasoning_depth": 0.1,
    "response_consistency": 0.4166666666666667,
    "rouge_score_f1": 0.07894736842105263,
    "rouge_score_recall": 0.8181818181818182,
    "bert_score_f1": 0.6570047736167908
  },
  "judge_outputs": {},
  "human_label": null
}