{
  "sample_id": "58",
  "system_name": "gemini-cli",
  "domain": "Company_Documents",
  "judge_model": "openai/gpt-4o-mini-2024-07-18",
  "metrics": {
    "exact_match": 0.0,
    "soft_recall": 0.8461538461538461,
    "soft_f1": 0.176,
    "latency_s": 18.788596391677856,
    "verbosity": 10.662162162162161,
    "refusal_rate": 0.0,
    "error_rate": 0.0,
    "answer_length": 119.0,
    "citation_presence": 0.0,
    "confidence_score": 0.5,
    "answer_completeness": 1.0,
    "reasoning_depth": 0.4,
    "response_consistency": 0.20512820512820512,
    "rouge_score_f1": 0.19548872180451127,
    "rouge_score_recall": 0.8666666666666667,
    "bert_score_f1": 0.7101314067840576
  },
  "judge_outputs": {},
  "human_label": null
}