{
  "sample_id": "68",
  "system_name": "gemini-cli",
  "domain": "Company_Documents",
  "judge_model": "openai/gpt-4o-mini-2024-07-18",
  "metrics": {
    "exact_match": 0.0,
    "soft_recall": 0.7777777777777778,
    "soft_f1": 0.13592233009708737,
    "latency_s": 28.027318239212036,
    "verbosity": 17.435897435897434,
    "refusal_rate": 0.0,
    "error_rate": 0.0,
    "answer_length": 104.0,
    "citation_presence": 0.0,
    "confidence_score": 0.5,
    "answer_completeness": 1.0,
    "reasoning_depth": 0.5,
    "response_consistency": 0.3333333333333333,
    "rouge_score_f1": 0.1016949152542373,
    "rouge_score_recall": 0.6666666666666666,
    "bert_score_f1": 0.6886301636695862
  },
  "judge_outputs": {},
  "human_label": null
}