{
  "sample_id": "55",
  "system_name": "gemini-cli",
  "domain": "Company_Documents",
  "judge_model": "openai/gpt-4o-mini-2024-07-18",
  "metrics": {
    "exact_match": 0.0,
    "soft_recall": 0.6666666666666666,
    "soft_f1": 0.03333333333333333,
    "latency_s": 63.06422734260559,
    "verbosity": 36.47826086956522,
    "refusal_rate": 0.0,
    "error_rate": 0.0,
    "answer_length": 127.0,
    "citation_presence": 0.0,
    "confidence_score": 0.5,
    "answer_completeness": 1.0,
    "reasoning_depth": 0.6,
    "response_consistency": 0.23529411764705882,
    "rouge_score_f1": 0.044444444444444446,
    "rouge_score_recall": 0.75,
    "bert_score_f1": 0.6726933121681213
  },
  "judge_outputs": {},
  "human_label": null
}