{
  "sample_id": "84",
  "system_name": "gemini-cli",
  "domain": "Legal",
  "judge_model": "openai/gpt-4o-mini-2024-07-18",
  "metrics": {
    "exact_match": 0.0,
    "soft_recall": 0.6666666666666666,
    "soft_f1": 0.024390243902439022,
    "latency_s": 53.261439085006714,
    "verbosity": 76.1875,
    "refusal_rate": 0.0,
    "error_rate": 0.0,
    "answer_length": 191.0,
    "citation_presence": 0.0,
    "confidence_score": 0.5,
    "answer_completeness": 1.0,
    "reasoning_depth": 0.1,
    "response_consistency": 0.2222222222222222,
    "rouge_score_f1": 0.020512820512820513,
    "rouge_score_recall": 0.6666666666666666,
    "bert_score_f1": 0.6048960089683533
  },
  "judge_outputs": {},
  "human_label": null
}