{
  "sample_id": "32",
  "system_name": "gemini-cli",
  "domain": "Company_Documents",
  "judge_model": "openai/gpt-4o-mini-2024-07-18",
  "metrics": {
    "exact_match": 0.0,
    "soft_recall": 1.0,
    "soft_f1": 0.13986013986013984,
    "latency_s": 38.2467360496521,
    "verbosity": 14.129032258064516,
    "refusal_rate": 0.0,
    "error_rate": 0.0,
    "answer_length": 146.0,
    "citation_presence": 0.0,
    "confidence_score": 0.5,
    "answer_completeness": 1.0,
    "reasoning_depth": 0.1,
    "response_consistency": 0.21428571428571427,
    "rouge_score_f1": 0.11904761904761904,
    "rouge_score_recall": 0.9090909090909091,
    "bert_score_f1": 0.7280692458152771
  },
  "judge_outputs": {},
  "human_label": null
}