{
  "sample_id": "99",
  "system_name": "gemini-cli",
  "domain": "Marketing",
  "judge_model": "openai/gpt-4o-mini-2024-07-18",
  "metrics": {
    "exact_match": 0.0,
    "soft_recall": 1.0,
    "soft_f1": 0.15602836879432627,
    "latency_s": 30.529028177261353,
    "verbosity": 10.905263157894737,
    "refusal_rate": 0.0,
    "error_rate": 0.0,
    "answer_length": 150.0,
    "citation_presence": 0.0,
    "confidence_score": 1.0,
    "answer_completeness": 1.0,
    "reasoning_depth": 0.3,
    "response_consistency": 0.13043478260869565,
    "rouge_score_f1": 0.10909090909090909,
    "rouge_score_recall": 0.6923076923076923,
    "bert_score_f1": 0.776244044303894
  },
  "judge_outputs": {},
  "human_label": null
}