{
  "sample_id": "80",
  "system_name": "gemini-cli",
  "domain": "Legal",
  "judge_model": "openai/gpt-4o-mini-2024-07-18",
  "metrics": {
    "exact_match": 0.0,
    "soft_recall": 0.75,
    "soft_f1": 0.10169491525423728,
    "latency_s": 21.706082820892334,
    "verbosity": 17.305555555555557,
    "refusal_rate": 0.0,
    "error_rate": 0.0,
    "answer_length": 194.0,
    "citation_presence": 0.0,
    "confidence_score": 0.5,
    "answer_completeness": 1.0,
    "reasoning_depth": 0.2,
    "response_consistency": 0.21052631578947367,
    "rouge_score_f1": 0.10476190476190475,
    "rouge_score_recall": 0.7857142857142857,
    "bert_score_f1": 0.7388700842857361
  },
  "judge_outputs": {},
  "human_label": null
}