{
  "sample_id": "47",
  "system_name": "gemini-cli",
  "domain": "Company_Documents",
  "judge_model": "openai/gpt-4o-mini-2024-07-18",
  "metrics": {
    "exact_match": 0.0,
    "soft_recall": 1.0,
    "soft_f1": 0.41958041958041964,
    "latency_s": 25.102271795272827,
    "verbosity": 3.491228070175439,
    "refusal_rate": 0.0,
    "error_rate": 0.0,
    "answer_length": 121.0,
    "citation_presence": 0.0,
    "confidence_score": 0.5,
    "answer_completeness": 1.0,
    "reasoning_depth": 1.0,
    "response_consistency": 0.13157894736842105,
    "rouge_score_f1": 0.22818791946308722,
    "rouge_score_recall": 0.5483870967741935,
    "bert_score_f1": 0.7872157096862793
  },
  "judge_outputs": {},
  "human_label": null
}