{
  "sample_id": "72",
  "system_name": "gemini-cli",
  "domain": "Government_Consultations",
  "judge_model": "openai/gpt-4o-mini-2024-07-18",
  "metrics": {
    "exact_match": 0.0,
    "soft_recall": 0.9642857142857143,
    "soft_f1": 0.3884892086330935,
    "latency_s": 78.84041333198547,
    "verbosity": 4.103896103896104,
    "refusal_rate": 0.0,
    "error_rate": 0.0,
    "answer_length": 123.0,
    "citation_presence": 0.0,
    "confidence_score": 0.5,
    "answer_completeness": 1.0,
    "reasoning_depth": 0.1,
    "response_consistency": 0.06666666666666667,
    "rouge_score_f1": 0.3611111111111111,
    "rouge_score_recall": 0.9285714285714286,
    "bert_score_f1": 0.7202519178390503
  },
  "judge_outputs": {},
  "human_label": null
}