{
  "sample_id": "23",
  "system_name": "gemini-cli",
  "domain": "Company_Documents",
  "judge_model": "openai/gpt-4o-mini-2024-07-18",
  "metrics": {
    "exact_match": 0.0,
    "soft_recall": 0.3333333333333333,
    "soft_f1": 0.024691358024691357,
    "latency_s": 30.713964700698853,
    "verbosity": 29.666666666666668,
    "refusal_rate": 0.0,
    "error_rate": 0.0,
    "answer_length": 91.0,
    "citation_presence": 0.0,
    "confidence_score": 0.5,
    "answer_completeness": 1.0,
    "reasoning_depth": 0.1,
    "response_consistency": 0.25,
    "rouge_score_f1": 0.041237113402061855,
    "rouge_score_recall": 0.6666666666666666,
    "bert_score_f1": 0.6589089035987854
  },
  "judge_outputs": {},
  "human_label": null
}