{
  "sample_id": "37",
  "system_name": "gemini-cli",
  "domain": "Company_Documents",
  "judge_model": "openai/gpt-4o-mini-2024-07-18",
  "metrics": {
    "exact_match": 0.0,
    "soft_recall": 0.7058823529411765,
    "soft_f1": 0.34285714285714286,
    "latency_s": 21.77304983139038,
    "verbosity": 3.305084745762712,
    "refusal_rate": 0.0,
    "error_rate": 0.0,
    "answer_length": 56.0,
    "citation_presence": 0.0,
    "confidence_score": 0.5,
    "answer_completeness": 1.0,
    "reasoning_depth": 0.7,
    "response_consistency": 0.07407407407407407,
    "rouge_score_f1": 0.39534883720930236,
    "rouge_score_recall": 0.7727272727272727,
    "bert_score_f1": 0.7288201451301575
  },
  "judge_outputs": {},
  "human_label": null
}