{
  "sample_id": "98",
  "system_name": "gemini-cli",
  "domain": "Marketing",
  "judge_model": "openai/gpt-4o-mini-2024-07-18",
  "metrics": {
    "exact_match": 0.0,
    "soft_recall": 0.8888888888888888,
    "soft_f1": 0.14545454545454545,
    "latency_s": 56.56856417655945,
    "verbosity": 10.947368421052632,
    "refusal_rate": 0.0,
    "error_rate": 0.0,
    "answer_length": 120.0,
    "citation_presence": 0.0,
    "confidence_score": 1.0,
    "answer_completeness": 1.0,
    "reasoning_depth": 0.2,
    "response_consistency": 0.058823529411764705,
    "rouge_score_f1": 0.13740458015267176,
    "rouge_score_recall": 0.9,
    "bert_score_f1": 0.7505895495414734
  },
  "judge_outputs": {},
  "human_label": null
}