{
  "sample_id": "38",
  "system_name": "gemini-cli",
  "domain": "Company_Documents",
  "judge_model": "openai/gpt-4o-mini-2024-07-18",
  "metrics": {
    "exact_match": 0.0,
    "soft_recall": 0.1111111111111111,
    "soft_f1": 0.023255813953488372,
    "latency_s": 24.047969341278076,
    "verbosity": 13.842105263157896,
    "refusal_rate": 0.0,
    "error_rate": 0.0,
    "answer_length": 81.0,
    "citation_presence": 0.0,
    "confidence_score": 0.5,
    "answer_completeness": 1.0,
    "reasoning_depth": 0.4,
    "response_consistency": 0.0,
    "rouge_score_f1": 0.01941747572815534,
    "rouge_score_recall": 0.1111111111111111,
    "bert_score_f1": 0.6389803886413574
  },
  "judge_outputs": {},
  "human_label": null
}