{
  "sample_id": "37",
  "system_name": "gemini-cli",
  "domain": "Company_Documents",
  "judge_model": "openai/gpt-4o-mini-2024-07-18",
  "metrics": {
    "exact_match": 0.0,
    "soft_recall": 0.7058823529411765,
    "soft_f1": 0.4067796610169491,
    "latency_s": 33.67159986495972,
    "verbosity": 2.330508474576271,
    "refusal_rate": 0.0,
    "error_rate": 0.0,
    "answer_length": 43.0,
    "citation_presence": 0.0,
    "confidence_score": 0.5,
    "answer_completeness": 1.0,
    "reasoning_depth": 0.6,
    "response_consistency": 0.0,
    "rouge_score_f1": 0.4166666666666667,
    "rouge_score_recall": 0.6818181818181818,
    "bert_score_f1": 0.7444553375244141
  },
  "judge_outputs": {},
  "human_label": null
}