{
  "sample_id": "38",
  "system_name": "gemini-cli",
  "domain": "Company_Documents",
  "judge_model": "openai/gpt-4o-mini-2024-07-18",
  "metrics": {
    "exact_match": 0.0,
    "soft_recall": 0.1111111111111111,
    "soft_f1": 0.016949152542372885,
    "latency_s": 24.165260791778564,
    "verbosity": 18.842105263157894,
    "refusal_rate": 0.0,
    "error_rate": 0.0,
    "answer_length": 114.0,
    "citation_presence": 0.0,
    "confidence_score": 0.5,
    "answer_completeness": 1.0,
    "reasoning_depth": 0.4,
    "response_consistency": 0.35294117647058826,
    "rouge_score_f1": 0.014598540145985401,
    "rouge_score_recall": 0.1111111111111111,
    "bert_score_f1": 0.6368255615234375
  },
  "judge_outputs": {},
  "human_label": null
}