{
  "sample_id": "75",
  "system_name": "gemini-cli",
  "domain": "Government_Consultations",
  "judge_model": "openai/gpt-4o-mini-2024-07-18",
  "metrics": {
    "exact_match": 0.0,
    "soft_recall": 0.4,
    "soft_f1": 0.09523809523809523,
    "latency_s": 34.90758204460144,
    "verbosity": 4.944444444444445,
    "refusal_rate": 0.0,
    "error_rate": 0.0,
    "answer_length": 40.0,
    "citation_presence": 0.0,
    "confidence_score": 0.5,
    "answer_completeness": 1.0,
    "reasoning_depth": 0.5,
    "response_consistency": 0.06666666666666667,
    "rouge_score_f1": 0.22222222222222218,
    "rouge_score_recall": 0.5454545454545454,
    "bert_score_f1": 0.6982035636901855
  },
  "judge_outputs": {},
  "human_label": null
}