{
  "sample_id": "68",
  "system_name": "gemini-cli",
  "domain": "Company_Documents",
  "judge_model": "openai/gpt-4o-mini-2024-07-18",
  "metrics": {
    "exact_match": 0.0,
    "soft_recall": 0.5555555555555556,
    "soft_f1": 0.13333333333333333,
    "latency_s": 42.472495555877686,
    "verbosity": 10.487179487179487,
    "refusal_rate": 0.0,
    "error_rate": 0.0,
    "answer_length": 68.0,
    "citation_presence": 0.0,
    "confidence_score": 0.5,
    "answer_completeness": 1.0,
    "reasoning_depth": 0.4,
    "response_consistency": 0.06666666666666667,
    "rouge_score_f1": 0.0909090909090909,
    "rouge_score_recall": 0.4444444444444444,
    "bert_score_f1": 0.7089598774909973
  },
  "judge_outputs": {},
  "human_label": null
}