{
  "sample_id": "5",
  "system_name": "gemini-cli",
  "domain": "Academia",
  "judge_model": "openai/gpt-4o-mini-2024-07-18",
  "metrics": {
    "exact_match": 0.0,
    "soft_recall": 0.9090909090909091,
    "soft_f1": 0.1869158878504673,
    "latency_s": 26.309247255325317,
    "verbosity": 8.768292682926829,
    "refusal_rate": 0.0,
    "error_rate": 0.0,
    "answer_length": 106.0,
    "citation_presence": 0.0,
    "confidence_score": 0.5,
    "answer_completeness": 1.0,
    "reasoning_depth": 0.1,
    "response_consistency": 0.15384615384615385,
    "rouge_score_f1": 0.17094017094017092,
    "rouge_score_recall": 0.8333333333333334,
    "bert_score_f1": 0.8016322255134583
  },
  "judge_outputs": {},
  "human_label": null
}