{
  "sample_id": "47",
  "system_name": "gemini-cli",
  "domain": "Company_Documents",
  "judge_model": "openai/gpt-4o-mini-2024-07-18",
  "metrics": {
    "exact_match": 0.0,
    "soft_recall": 0.9666666666666667,
    "soft_f1": 0.7160493827160493,
    "latency_s": 30.24423122406006,
    "verbosity": 1.7412280701754386,
    "refusal_rate": 0.0,
    "error_rate": 0.0,
    "answer_length": 68.0,
    "citation_presence": 0.0,
    "confidence_score": 0.5,
    "answer_completeness": 1.0,
    "reasoning_depth": 0.1,
    "response_consistency": 0.0625,
    "rouge_score_f1": 0.39999999999999997,
    "rouge_score_recall": 0.5483870967741935,
    "bert_score_f1": 0.8803655505180359
  },
  "judge_outputs": {},
  "human_label": null
}