{
  "sample_id": "55",
  "system_name": "gemini-cli",
  "domain": "Company_Documents",
  "judge_model": "openai/gpt-4o-mini-2024-07-18",
  "metrics": {
    "exact_match": 0.0,
    "soft_recall": 0.6666666666666666,
    "soft_f1": 0.03921568627450981,
    "latency_s": 28.233516693115234,
    "verbosity": 31.08695652173913,
    "refusal_rate": 0.0,
    "error_rate": 0.0,
    "answer_length": 110.0,
    "citation_presence": 0.0,
    "confidence_score": 0.5,
    "answer_completeness": 1.0,
    "reasoning_depth": 0.3,
    "response_consistency": 0.11764705882352941,
    "rouge_score_f1": 0.049586776859504134,
    "rouge_score_recall": 0.75,
    "bert_score_f1": 0.6846368908882141
  },
  "judge_outputs": {},
  "human_label": null
}