{
  "sample_id": "68",
  "system_name": "gemini-cli",
  "domain": "Company_Documents",
  "judge_model": "openai/gpt-4o-mini-2024-07-18",
  "metrics": {
    "exact_match": 0.0,
    "soft_recall": 0.4444444444444444,
    "soft_f1": 0.09302325581395349,
    "latency_s": 27.84107255935669,
    "verbosity": 15.717948717948717,
    "refusal_rate": 0.0,
    "error_rate": 0.0,
    "answer_length": 85.0,
    "citation_presence": 0.0,
    "confidence_score": 0.5,
    "answer_completeness": 1.0,
    "reasoning_depth": 0.4,
    "response_consistency": 0.2857142857142857,
    "rouge_score_f1": 0.07476635514018691,
    "rouge_score_recall": 0.4444444444444444,
    "bert_score_f1": 0.6540036797523499
  },
  "judge_outputs": {},
  "human_label": null
}