{
  "sample_id": "38",
  "system_name": "gemini-cli",
  "domain": "Company_Documents",
  "judge_model": "openai/gpt-4o-mini-2024-07-18",
  "metrics": {
    "exact_match": 0.0,
    "soft_recall": 0.4444444444444444,
    "soft_f1": 0.056737588652482275,
    "latency_s": 45.493767976760864,
    "verbosity": 27.05263157894737,
    "refusal_rate": 0.0,
    "error_rate": 0.0,
    "answer_length": 178.0,
    "citation_presence": 0.0,
    "confidence_score": 0.5,
    "answer_completeness": 1.0,
    "reasoning_depth": 0.1,
    "response_consistency": 0.03333333333333333,
    "rouge_score_f1": 0.050955414012738856,
    "rouge_score_recall": 0.4444444444444444,
    "bert_score_f1": 0.6699607372283936
  },
  "judge_outputs": {},
  "human_label": null
}