{
  "sample_id": "80",
  "system_name": "gemini-cli",
  "domain": "Legal",
  "judge_model": "openai/gpt-4o-mini-2024-07-18",
  "metrics": {
    "exact_match": 0.0,
    "soft_recall": 0.75,
    "soft_f1": 0.09473684210526315,
    "latency_s": 34.477153062820435,
    "verbosity": 17.166666666666668,
    "refusal_rate": 0.0,
    "error_rate": 0.0,
    "answer_length": 205.0,
    "citation_presence": 0.0,
    "confidence_score": 0.5,
    "answer_completeness": 1.0,
    "reasoning_depth": 0.2,
    "response_consistency": 0.2857142857142857,
    "rouge_score_f1": 0.09821428571428571,
    "rouge_score_recall": 0.7857142857142857,
    "bert_score_f1": 0.73744797706604
  },
  "judge_outputs": {},
  "human_label": null
}