{
  "run_config": {
    "n_samples": 100,
    "n_systems": 1,
    "systems": [
      "gemini-cli"
    ],
    "metrics": [
      "answer_completeness",
      "answer_length",
      "bert_score_f1",
      "citation_presence",
      "confidence_score",
      "error_rate",
      "exact_match",
      "latency_s",
      "reasoning_depth",
      "refusal_rate",
      "response_consistency",
      "rouge_score_f1",
      "rouge_score_recall",
      "soft_f1",
      "soft_recall",
      "verbosity"
    ],
    "bootstrap_resamples": 100,
    "alpha": 0.05,
    "seed": 42
  },
  "system_stats": {
    "gemini-cli": {
      "answer_completeness": {
        "n": 96,
        "mean": 1.0,
        "std": 0.0,
        "median": 1.0,
        "ci_low": 1.0,
        "ci_high": 1.0
      },
      "answer_length": {
        "n": 96,
        "mean": 74.22916666666667,
        "std": 81.74904168228653,
        "median": 43.0,
        "ci_low": 61.68541666666666,
        "ci_high": 90.41223958333333
      },
      "bert_score_f1": {
        "n": 96,
        "mean": 0.6963628350446621,
        "std": 0.10154807616782201,
        "median": 0.6933932304382324,
        "ci_low": 0.6747072094896187,
        "ci_high": 0.7194102355744689
      },
      "citation_presence": {
        "n": 96,
        "mean": 0.0,
        "std": 0.0,
        "median": 0.0,
        "ci_low": 0.0,
        "ci_high": 0.0
      },
      "confidence_score": {
        "n": 96,
        "mean": 0.515625,
        "std": 0.11303403340734743,
        "median": 0.5,
        "ci_low": 0.4895833333333333,
        "ci_high": 0.5416666666666666
      },
      "error_rate": {
        "n": 100,
        "mean": 0.04,
        "std": 0.19595917942265423,
        "median": 0.0,
        "ci_low": 0.01,
        "ci_high": 0.07
      },
      "exact_match": {
        "n": 96,
        "mean": 0.010416666666666666,
        "std": 0.1015291077584267,
        "median": 0.0,
        "ci_low": 0.0,
        "ci_high": 0.03671874999999991
      },
      "latency_s": {
        "n": 100,
        "mean": 43.39150944232941,
        "std": 40.10306128450802,
        "median": 28.664346575737,
        "ci_low": 35.44444018149376,
        "ci_high": 50.205993866086004
      },
      "reasoning_depth": {
        "n": 96,
        "mean": 0.146875,
        "std": 0.25288054039078084,
        "median": 0.0,
        "ci_low": 0.09999999999999999,
        "ci_high": 0.19757812499999994
      },
      "refusal_rate": {
        "n": 96,
        "mean": 0.0,
        "std": 0.0,
        "median": 0.0,
        "ci_low": 0.0,
        "ci_high": 0.0
      },
      "response_consistency": {
        "n": 96,
        "mean": 0.11534925374022642,
        "std": 0.1536968152303371,
        "median": 0.06666666666666667,
        "ci_low": 0.08724785310580696,
        "ci_high": 0.15136523708636887
      },
      "rouge_score_f1": {
        "n": 96,
        "mean": 0.15023272197085816,
        "std": 0.19476686734154658,
        "median": 0.06522509748316199,
        "ci_low": 0.10952682554996222,
        "ci_high": 0.19087845855801963
      },
      "rouge_score_recall": {
        "n": 96,
        "mean": 0.630918188005771,
        "std": 0.3760370433213395,
        "median": 0.698051948051948,
        "ci_low": 0.5746055813032065,
        "ci_high": 0.7047014844175586
      },
      "soft_f1": {
        "n": 96,
        "mean": 0.1606722997563073,
        "std": 0.2110740854193012,
        "median": 0.07394590656588652,
        "ci_low": 0.11146342365862484,
        "ci_high": 0.20428951258953695
      },
      "soft_recall": {
        "n": 96,
        "mean": 0.647793207949458,
        "std": 0.4119409389522908,
        "median": 0.873015873015873,
        "ci_low": 0.5752499760162904,
        "ci_high": 0.7449293408116937
      },
      "verbosity": {
        "n": 96,
        "mean": 61.816748868566435,
        "std": 111.57696638983329,
        "median": 18.875598086124402,
        "ci_low": 44.76166932045498,
        "ci_high": 89.09436730239825
      }
    }
  },
  "primary_hypothesis": {},
  "secondary_comparisons": {},
  "per_domain": {
    "Academia": {
      "gemini-cli": {
        "answer_completeness": {
          "n": 5,
          "mean": 1.0
        },
        "answer_length": {
          "n": 5,
          "mean": 80.4
        },
        "bert_score_f1": {
          "n": 5,
          "mean": 0.7529053449630737
        },
        "citation_presence": {
          "n": 5,
          "mean": 0.0
        },
        "confidence_score": {
          "n": 5,
          "mean": 0.6
        },
        "error_rate": {
          "n": 5,
          "mean": 0.0
        },
        "exact_match": {
          "n": 5,
          "mean": 0.0
        },
        "latency_s": {
          "n": 5,
          "mean": 28.791172790527344
        },
        "reasoning_depth": {
          "n": 5,
          "mean": 0.24
        },
        "refusal_rate": {
          "n": 5,
          "mean": 0.0
        },
        "response_consistency": {
          "n": 5,
          "mean": 0.034722222222222224
        },
        "rouge_score_f1": {
          "n": 5,
          "mean": 0.16684262667710187
        },
        "rouge_score_recall": {
          "n": 5,
          "mean": 0.9037878787878789
        },
        "soft_f1": {
          "n": 5,
          "mean": 0.1834863001529668
        },
        "soft_recall": {
          "n": 5,
          "mean": 0.9532467532467532
        },
        "verbosity": {
          "n": 5,
          "mean": 19.02925604476824
        }
      }
    },
    "Company_Documents": {
      "gemini-cli": {
        "answer_completeness": {
          "n": 61,
          "mean": 1.0
        },
        "answer_length": {
          "n": 61,
          "mean": 80.73770491803279
        },
        "bert_score_f1": {
          "n": 61,
          "mean": 0.6959012160535718
        },
        "citation_presence": {
          "n": 61,
          "mean": 0.0
        },
        "confidence_score": {
          "n": 61,
          "mean": 0.5
        },
        "error_rate": {
          "n": 63,
          "mean": 0.031746031746031744
        },
        "exact_match": {
          "n": 61,
          "mean": 0.01639344262295082
        },
        "latency_s": {
          "n": 63,
          "mean": 44.69810385174222
        },
        "reasoning_depth": {
          "n": 61,
          "mean": 0.14754098360655735
        },
        "refusal_rate": {
          "n": 61,
          "mean": 0.0
        },
        "response_consistency": {
          "n": 61,
          "mean": 0.13559206865409124
        },
        "rouge_score_f1": {
          "n": 61,
          "mean": 0.15948302291130778
        },
        "rouge_score_recall": {
          "n": 61,
          "mean": 0.623054364126626
        },
        "soft_f1": {
          "n": 61,
          "mean": 0.17095011034033852
        },
        "soft_recall": {
          "n": 61,
          "mean": 0.6558112652374948
        },
        "verbosity": {
          "n": 61,
          "mean": 59.779006159967835
        }
      }
    },
    "Government_Consultations": {
      "gemini-cli": {
        "answer_completeness": {
          "n": 9,
          "mean": 1.0
        },
        "answer_length": {
          "n": 9,
          "mean": 45.666666666666664
        },
        "bert_score_f1": {
          "n": 9,
          "mean": 0.713965978887346
        },
        "citation_presence": {
          "n": 9,
          "mean": 0.0
        },
        "confidence_score": {
          "n": 9,
          "mean": 0.5555555555555556
        },
        "error_rate": {
          "n": 11,
          "mean": 0.18181818181818182
        },
        "exact_match": {
          "n": 9,
          "mean": 0.0
        },
        "latency_s": {
          "n": 11,
          "mean": 59.66835728558627
        },
        "reasoning_depth": {
          "n": 9,
          "mean": 0.12222222222222223
        },
        "refusal_rate": {
          "n": 9,
          "mean": 0.0
        },